<?xml version="1.0" encoding="UTF-8"?>
<project-private xmlns="http://www.netbeans.org/ns/project-private/1">
    <editor-bookmarks xmlns="http://www.netbeans.org/ns/editor-bookmarks/2" lastBookmarkId="0"/>
    <open-files xmlns="http://www.netbeans.org/ns/projectui-open-files/2">
        <group>
            <file>file:/Users/kaganulu/NetBeansProjects/Sınıflar/src/sınıflar/MenuUtilities.java</file>
            <file>file:/Users/kaganulu/NetBeansProjects/Sınıflar/src/sınıflar/DepositDetails.java</file>
            <file>file:/Users/kaganulu/NetBeansProjects/Sınıflar/src/sınıflar/BankingUtility.java</file>
            <file>file:/Users/kaganulu/NetBeansProjects/Sınıflar/src/sınıflar/Sınıflar.java</file>
            <file>file:/Users/kaganulu/NetBeansProjects/Sınıflar/src/sınıflar/AccountUtility.java</file>
            <file>file:/Users/kaganulu/NetBeansProjects/Sınıflar/src/sınıflar/FileUtilities.java</file>
            <file>file:/Users/kaganulu/NetBeansProjects/Sınıflar/src/sınıflar/Account.java</file>
        </group>
    </open-files>
</project-private>
