<?xml version="1.0" encoding="UTF-8"?>
<project-private xmlns="http://www.netbeans.org/ns/project-private/1">
    <editor-bookmarks xmlns="http://www.netbeans.org/ns/editor-bookmarks/2" lastBookmarkId="0"/>
    <open-files xmlns="http://www.netbeans.org/ns/projectui-open-files/2">
        <group>
            <file>file:/Users/kaganulu/NetBeansProjects/MainVize/src/mainvize/IEylem.java</file>
            <file>file:/Users/kaganulu/NetBeansProjects/MainVize/src/mainvize/Oyun.java</file>
            <file>file:/Users/kaganulu/NetBeansProjects/MainVize/src/mainvize/PC.java</file>
            <file>file:/Users/kaganulu/NetBeansProjects/MainVize/src/mainvize/MainVize.java</file>
            <file>file:/Users/kaganulu/NetBeansProjects/MainVize/src/mainvize/Dovusen.java</file>
            <file>file:/Users/kaganulu/NetBeansProjects/MainVize/src/mainvize/User.java</file>
        </group>
    </open-files>
</project-private>
