<?xml version="1.0" encoding="UTF-8"?>
<project-private xmlns="http://www.netbeans.org/ns/project-private/1">
    <editor-bookmarks xmlns="http://www.netbeans.org/ns/editor-bookmarks/2" lastBookmarkId="0"/>
    <open-files xmlns="http://www.netbeans.org/ns/projectui-open-files/2">
        <group>
            <file>file:/Users/kaganulu/NetBeansProjects/100metrelikYaris/src/pkg100metrelikyaris/Tavsan.java</file>
            <file>file:/Users/kaganulu/NetBeansProjects/100metrelikYaris/src/pkg100metrelikyaris/Hayvan.java</file>
            <file>file:/Users/kaganulu/NetBeansProjects/100metrelikYaris/src/pkg100metrelikyaris/Main.java</file>
        </group>
    </open-files>
</project-private>
