<?xml version="1.0" encoding="UTF-8"?>
<project-private xmlns="http://www.netbeans.org/ns/project-private/1">
    <editor-bookmarks xmlns="http://www.netbeans.org/ns/editor-bookmarks/2" lastBookmarkId="0"/>
    <open-files xmlns="http://www.netbeans.org/ns/projectui-open-files/2">
        <group>
            <file>file:/Users/kaganulu/NetBeansProjects/Generics1/src/generics1/Kuyruk.java</file>
            <file>file:/Users/kaganulu/NetBeansProjects/Generics1/src/generics1/Stack.java</file>
            <file>file:/Users/kaganulu/NetBeansProjects/Generics1/src/generics1/Generics1.java</file>
        </group>
    </open-files>
</project-private>
