<?xml version="1.0" encoding="UTF-8"?>
<project-private xmlns="http://www.netbeans.org/ns/project-private/1">
    <editor-bookmarks xmlns="http://www.netbeans.org/ns/editor-bookmarks/2" lastBookmarkId="0"/>
    <open-files xmlns="http://www.netbeans.org/ns/projectui-open-files/2">
        <group>
            <file>file:/Users/kaganulu/NetBeansProjects/JavaApplication34/src/javaapplication34/IEylem.java</file>
            <file>file:/Users/kaganulu/NetBeansProjects/JavaApplication34/src/javaapplication34/Insan.java</file>
            <file>file:/Users/kaganulu/NetBeansProjects/JavaApplication34/src/javaapplication34/Kagan.java</file>
            <file>file:/Users/kaganulu/NetBeansProjects/JavaApplication34/src/javaapplication34/IKart.java</file>
            <file>file:/Users/kaganulu/NetBeansProjects/JavaApplication34/src/javaapplication34/JavaApplication34.java</file>
        </group>
    </open-files>
</project-private>
